<?xml version="1.0" encoding="UTF-8" ?> <DATA_DS><G_1><PAYROLL_ACTION_ID>4774842</PAYROLL_ACTION_ID><G_2><FILE_FRAGMENT><ADG_HCM_JML_XXX_DELTA_FEED><REP_CATEGORY_NAME>ADG_HCM_JML_XXX_DELTA_FEED</REP_CATEGORY_NAME><parameters><request_id>300000193936521</request_id><FLOW_NAME>Delta Feed</FLOW_NAME><legislative_data_group_id>300000002178612</legislative_data_group_id><EFFECTIVE_DATE>2025-10-01</EFFECTIVE_DATE><start_date/><report_category_id>300000193828009</report_category_id><action_parameter_group_id/><changes_only>N</changes_only><DAYS_THRESHOLD/><LEGAL_EMPLOYER_NAME>DGE</LEGAL_EMPLOYER_NAME></parameters><ASG_DG><OBJECT_ACTION_ID>47086330</OBJECT_ACTION_ID><ASG_REC><PERSON_ID>300000192538678</PERSON_ID><PERSON_TYPE>EMP</PERSON_TYPE><ASSIGNMENT_TYPE>E</ASSIGNMENT_TYPE><TERMINATION_DATE/><MANAGER_NAME_EN>Abdul Kareem Syed Mahaboob Taha Alblooshi</MANAGER_NAME_EN><MANAGER_PERSON_NUMBER>110237</MANAGER_PERSON_NUMBER><MANAGER_EMAIL>sendmail-test-discard@oracle.com</MANAGER_EMAIL><DEP_EN>DGE Talent Mobility Section</DEP_EN><LGL_EMPL_EN>Department of Government Enablement</LGL_EMPL_EN><LOC_EN>DGE - Abu Dhabi</LOC_EN><ASG_NUMBER>E502637</ASG_NUMBER><ASG_ID>300000192538710</ASG_ID><PRD_OF_SERV_ID>300000192538704</PRD_OF_SERV_ID><JOB_EN>Specialist</JOB_EN><POSITION_EN>Talent Mobility Specialist</POSITION_EN><GRADE_EN>Graduate Trainee</GRADE_EN><LINE_MANAGER>Abdul Kareem Syed Mahaboob Taha Alblooshi</LINE_MANAGER><MANAGER_NAME_AR>Abdul Kareem Syed Mahaboob طه Alblooshi</MANAGER_NAME_AR><ORG_ID>300000002592526</ORG_ID><DEP_AR>قسم إنتقال المواهب</DEP_AR><LEGAL_ENTITY_ID>300000002178582</LEGAL_ENTITY_ID><LGL_EMPL_AR>دائرة التمكين الحكومي</LGL_EMPL_AR><LOC_CODE>DGE - Abu Dhabi</LOC_CODE><LOC_AR/><JOB_ID>300000002562163</JOB_ID><POSITION_ID>300000007870768</POSITION_ID><GRADE_ID>300000002637183</GRADE_ID><JOB_AR>أخصائي</JOB_AR><POSITION_AR>أخصائي تنقّل المواهب</POSITION_AR><GRADE_AR>Graduate Trainee</GRADE_AR></ASG_REC><PERSON_DG_h><PERSON_DG><PERSON_REC><PERSON_NUMBER>502637</PERSON_NUMBER><HIRE_DATE>2025-10-01T00:00:00.000Z</HIRE_DATE><FIRST_NAME_EN>Anas </FIRST_NAME_EN><FAMILY_NAME_EN>Khalifa</FAMILY_NAME_EN><DISPLAY_NAME_EN>Anas  Khalifa</DISPLAY_NAME_EN><GENDER>M</GENDER><COUNTRY>United Arab Emirates</COUNTRY><WORK_EMAIL>Anas.khalifa@dge.gov.ae</WORK_EMAIL><FIRST_NAME_AR>Anas</FIRST_NAME_AR><FAMILY_NAME_AR>Khalifa</FAMILY_NAME_AR><DISPLAY_NAME_AR>Anas Khalifa</DISPLAY_NAME_AR><PER_ID>300000192538678</PER_ID><FATHER_NAME_EN/><FATHER_NAME_AR/><PERSONAL_EMAIL/></PERSON_REC><PHONE_DG_h><PHONE_DG><PHONE_REC><PRIMARY_PHONE>561203681</PRIMARY_PHONE></PHONE_REC></PHONE_DG></PHONE_DG_h></PERSON_DG></PERSON_DG_h><CITIZEN_DG_h><CITIZEN_DG><CITIZEN_REC><CITIZENSHIP_PMR>United Arab Emirates</CITIZENSHIP_PMR><NATIONALITY>Emirati</NATIONALITY></CITIZEN_REC></CITIZEN_DG></CITIZEN_DG_h></ASG_DG><ASG_DG><OBJECT_ACTION_ID>47086332</OBJECT_ACTION_ID><ASG_REC><PERSON_ID>300000191828456</PERSON_ID><PERSON_TYPE>EMP</PERSON_TYPE><ASSIGNMENT_TYPE>E</ASSIGNMENT_TYPE><TERMINATION_DATE/><MANAGER_NAME_EN>Sara Saeed Muaded Mohammed Alneyadi Thabet سلام</MANAGER_NAME_EN><MANAGER_PERSON_NUMBER>103332</MANAGER_PERSON_NUMBER><MANAGER_EMAIL>sendmail-test-discard@oracle.com</MANAGER_EMAIL><DEP_EN/><LGL_EMPL_EN>Department of Government Enablement</LGL_EMPL_EN><LOC_EN/><ASG_NUMBER>E502600</ASG_NUMBER><ASG_ID>300000191828593</ASG_ID><PRD_OF_SERV_ID>300000191828591</PRD_OF_SERV_ID><JOB_EN/><POSITION_EN/><GRADE_EN>2C</GRADE_EN><LINE_MANAGER>Sara Saeed Muaded Mohammed Alneyadi Thabet سلام</LINE_MANAGER><MANAGER_NAME_AR>Sara Saeed Muaded Mohammed Alneyadi ثابت سلام</MANAGER_NAME_AR><ORG_ID/><DEP_AR/><LEGAL_ENTITY_ID>300000002178582</LEGAL_ENTITY_ID><LGL_EMPL_AR>دائرة التمكين الحكومي</LGL_EMPL_AR><LOC_CODE/><LOC_AR/><JOB_ID/><POSITION_ID/><GRADE_ID>300000002636356</GRADE_ID><JOB_AR/><POSITION_AR/><GRADE_AR>2C</GRADE_AR></ASG_REC><PERSON_DG_h><PERSON_DG><PERSON_REC><PERSON_NUMBER>502600</PERSON_NUMBER><HIRE_DATE>2025-10-14T00:00:00.000Z</HIRE_DATE><FIRST_NAME_EN>Koushik</FIRST_NAME_EN><FAMILY_NAME_EN>Majumder</FAMILY_NAME_EN><DISPLAY_NAME_EN>Koushik Majumder</DISPLAY_NAME_EN><GENDER/><COUNTRY/><WORK_EMAIL>haq.ahmed@dge.gov.ae</WORK_EMAIL><FIRST_NAME_AR>Koushik</FIRST_NAME_AR><FAMILY_NAME_AR>Majumder</FAMILY_NAME_AR><DISPLAY_NAME_AR>Koushik Majumder</DISPLAY_NAME_AR><PER_ID>300000191828456</PER_ID><FATHER_NAME_EN/><FATHER_NAME_AR/><PERSONAL_EMAIL/></PERSON_REC><PHONE_DG_h></PHONE_DG_h></PERSON_DG></PERSON_DG_h><CITIZEN_DG_h></CITIZEN_DG_h></ASG_DG><ASG_DG><OBJECT_ACTION_ID>47086334</OBJECT_ACTION_ID><ASG_REC><PERSON_ID>300000008612559</PERSON_ID><PERSON_TYPE>EMP</PERSON_TYPE><ASSIGNMENT_TYPE>E</ASSIGNMENT_TYPE><TERMINATION_DATE/><MANAGER_NAME_EN>ابراهيم علي عقيل مهيدات Abdul Elfar</MANAGER_NAME_EN><MANAGER_PERSON_NUMBER>100863</MANAGER_PERSON_NUMBER><MANAGER_EMAIL>cms.onehub.test1@dge.gov.ae</MANAGER_EMAIL><DEP_EN>DGE Abu Dhabi Service Centers</DEP_EN><LGL_EMPL_EN>Department of Government Enablement</LGL_EMPL_EN><LOC_EN>DGE - Al Ain - DED</LOC_EN><ASG_NUMBER>E100389</ASG_NUMBER><ASG_ID>300000008612579</ASG_ID><PRD_OF_SERV_ID>300000008612561</PRD_OF_SERV_ID><JOB_EN>Senior officer</JOB_EN><POSITION_EN>Customer Service Senior Officer</POSITION_EN><GRADE_EN>4A</GRADE_EN><LINE_MANAGER>ابراهيم علي عقيل مهيدات Abdul Elfar</LINE_MANAGER><MANAGER_NAME_AR>ابراهيم علي عقيل مهيدات عبدالكريم Elfar</MANAGER_NAME_AR><ORG_ID>300000002594288</ORG_ID><DEP_AR>قسم مراكز خدمة المتعاملين &quot;تم&quot; لمدينة أبوظبي</DEP_AR><LEGAL_ENTITY_ID>300000002178582</LEGAL_ENTITY_ID><LGL_EMPL_AR>دائرة التمكين الحكومي</LGL_EMPL_AR><LOC_CODE>DGE - Al Ain - DED</LOC_CODE><LOC_AR/><JOB_ID>300000002562951</JOB_ID><POSITION_ID>300000007910438</POSITION_ID><GRADE_ID>300000002637045</GRADE_ID><JOB_AR>ضابط أول</JOB_AR><POSITION_AR>ضابط أول خدمة المتعاملين</POSITION_AR><GRADE_AR>4A</GRADE_AR></ASG_REC><PERSON_DG_h><PERSON_DG><PERSON_REC><PERSON_NUMBER>100389</PERSON_NUMBER><HIRE_DATE>2010-05-13T00:00:00.000Z</HIRE_DATE><FIRST_NAME_EN>Libia Lara</FIRST_NAME_EN><FAMILY_NAME_EN>الزعبى</FAMILY_NAME_EN><DISPLAY_NAME_EN>Libia Lara Husain الزعبى</DISPLAY_NAME_EN><GENDER>M</GENDER><COUNTRY>United Arab Emirates</COUNTRY><WORK_EMAIL>sendmail-test-discard@oracle.com</WORK_EMAIL><FIRST_NAME_AR>Libia Lara</FIRST_NAME_AR><FAMILY_NAME_AR>الزعبى</FAMILY_NAME_AR><DISPLAY_NAME_AR>Libia Lara حسين الزعبى</DISPLAY_NAME_AR><PER_ID>300000008612559</PER_ID><FATHER_NAME_EN>Husain</FATHER_NAME_EN><FATHER_NAME_AR>حسين</FATHER_NAME_AR><PERSONAL_EMAIL/></PERSON_REC><PHONE_DG_h><PHONE_DG><PHONE_REC><PRIMARY_PHONE>9183909636</PRIMARY_PHONE></PHONE_REC></PHONE_DG></PHONE_DG_h></PERSON_DG></PERSON_DG_h><CITIZEN_DG_h><CITIZEN_DG><CITIZEN_REC><CITIZENSHIP_PMR>United Arab Emirates</CITIZENSHIP_PMR><NATIONALITY>Emirati</NATIONALITY></CITIZEN_REC></CITIZEN_DG></CITIZEN_DG_h></ASG_DG><ASG_DG><OBJECT_ACTION_ID>47086336</OBJECT_ACTION_ID><ASG_REC><PERSON_ID>300000192049050</PERSON_ID><PERSON_TYPE>EMP</PERSON_TYPE><ASSIGNMENT_TYPE>E</ASSIGNMENT_TYPE><TERMINATION_DATE/><MANAGER_NAME_EN>Fatima Omar Ali Albaiti Alhashmi Raza Al Meraikhi</MANAGER_NAME_EN><MANAGER_PERSON_NUMBER>101402</MANAGER_PERSON_NUMBER><MANAGER_EMAIL>sendmail-test-discard@oracle.com</MANAGER_EMAIL><DEP_EN/><LGL_EMPL_EN>Department of Government Enablement</LGL_EMPL_EN><LOC_EN/><ASG_NUMBER>E502612</ASG_NUMBER><ASG_ID>300000192049060</ASG_ID><PRD_OF_SERV_ID>300000192049054</PRD_OF_SERV_ID><JOB_EN/><POSITION_EN/><GRADE_EN/><LINE_MANAGER>Fatima Omar Ali Albaiti Alhashmi Raza Al Meraikhi</LINE_MANAGER><MANAGER_NAME_AR>Fatima Omar Ali Albaiti Alhashmi رضا Al Meraikhi</MANAGER_NAME_AR><ORG_ID/><DEP_AR/><LEGAL_ENTITY_ID>300000002178582</LEGAL_ENTITY_ID><LGL_EMPL_AR>دائرة التمكين الحكومي</LGL_EMPL_AR><LOC_CODE/><LOC_AR/><JOB_ID/><POSITION_ID/><GRADE_ID/><JOB_AR/><POSITION_AR/><GRADE_AR/></ASG_REC><PERSON_DG_h><PERSON_DG><PERSON_REC><PERSON_NUMBER>502612</PERSON_NUMBER><HIRE_DATE>2025-10-22T00:00:00.000Z</HIRE_DATE><FIRST_NAME_EN>aishah</FIRST_NAME_EN><FAMILY_NAME_EN>alzeyoudi</FAMILY_NAME_EN><DISPLAY_NAME_EN>aishah alzeyoudi</DISPLAY_NAME_EN><GENDER>F</GENDER><COUNTRY/><WORK_EMAIL>aishah.alzeyoudi@dge.gov.ae</WORK_EMAIL><FIRST_NAME_AR>aishah</FIRST_NAME_AR><FAMILY_NAME_AR>alzeyoudi</FAMILY_NAME_AR><DISPLAY_NAME_AR>aishah alzeyoudi</DISPLAY_NAME_AR><PER_ID>300000192049050</PER_ID><FATHER_NAME_EN/><FATHER_NAME_AR/><PERSONAL_EMAIL/></PERSON_REC><PHONE_DG_h></PHONE_DG_h></PERSON_DG></PERSON_DG_h><CITIZEN_DG_h></CITIZEN_DG_h></ASG_DG><ASG_DG><OBJECT_ACTION_ID>47086338</OBJECT_ACTION_ID><ASG_REC><PERSON_ID>300000192283841</PERSON_ID><PERSON_TYPE>EMP</PERSON_TYPE><ASSIGNMENT_TYPE>E</ASSIGNMENT_TYPE><TERMINATION_DATE/><MANAGER_NAME_EN/><MANAGER_PERSON_NUMBER/><MANAGER_EMAIL/><DEP_EN/><LGL_EMPL_EN>Department of Government Enablement</LGL_EMPL_EN><LOC_EN/><ASG_NUMBER>E502626</ASG_NUMBER><ASG_ID>300000192283854</ASG_ID><PRD_OF_SERV_ID>300000192283852</PRD_OF_SERV_ID><JOB_EN/><POSITION_EN/><GRADE_EN/><LINE_MANAGER/><MANAGER_NAME_AR/><ORG_ID/><DEP_AR/><LEGAL_ENTITY_ID>300000002178582</LEGAL_ENTITY_ID><LGL_EMPL_AR>دائرة التمكين الحكومي</LGL_EMPL_AR><LOC_CODE/><LOC_AR/><JOB_ID/><POSITION_ID/><GRADE_ID/><JOB_AR/><POSITION_AR/><GRADE_AR/></ASG_REC><PERSON_DG_h><PERSON_DG><PERSON_REC><PERSON_NUMBER>502626</PERSON_NUMBER><HIRE_DATE>2025-10-31T00:00:00.000Z</HIRE_DATE><FIRST_NAME_EN/><FAMILY_NAME_EN>ADGE_PEN_ESIGN_TEST_SVC</FAMILY_NAME_EN><DISPLAY_NAME_EN>ADGE_PEN_ESIGN_TEST_SVC</DISPLAY_NAME_EN><GENDER/><COUNTRY/><WORK_EMAIL>pradambekar@deloitte.com</WORK_EMAIL><FIRST_NAME_AR/><FAMILY_NAME_AR>ADGE_PEN_ESIGN_TEST_SVC</FAMILY_NAME_AR><DISPLAY_NAME_AR>ADGE_PEN_ESIGN_TEST_SVC</DISPLAY_NAME_AR><PER_ID>300000192283841</PER_ID><FATHER_NAME_EN/><FATHER_NAME_AR/><PERSONAL_EMAIL/></PERSON_REC><PHONE_DG_h></PHONE_DG_h></PERSON_DG></PERSON_DG_h><CITIZEN_DG_h></CITIZEN_DG_h></ASG_DG><ASG_DG><OBJECT_ACTION_ID>47086340</OBJECT_ACTION_ID><ASG_REC><PERSON_ID>300000193485721</PERSON_ID><PERSON_TYPE>EMP</PERSON_TYPE><ASSIGNMENT_TYPE>E</ASSIGNMENT_TYPE><TERMINATION_DATE/><MANAGER_NAME_EN>Khan Mohammad Azimulla Laddan Ameen النعيمي</MANAGER_NAME_EN><MANAGER_PERSON_NUMBER>110730</MANAGER_PERSON_NUMBER><MANAGER_EMAIL>sendmail-test-discard@oracle.com</MANAGER_EMAIL><DEP_EN/><LGL_EMPL_EN>Department of Government Enablement</LGL_EMPL_EN><LOC_EN/><ASG_NUMBER>E502656</ASG_NUMBER><ASG_ID>300000193485744</ASG_ID><PRD_OF_SERV_ID>300000193485738</PRD_OF_SERV_ID><JOB_EN/><POSITION_EN/><GRADE_EN/><LINE_MANAGER>Khan Mohammad Azimulla Laddan Ameen النعيمي</LINE_MANAGER><MANAGER_NAME_AR>Khan Mohammad Azimulla Laddan امين النعيمي</MANAGER_NAME_AR><ORG_ID/><DEP_AR/><LEGAL_ENTITY_ID>300000002178582</LEGAL_ENTITY_ID><LGL_EMPL_AR>دائرة التمكين الحكومي</LGL_EMPL_AR><LOC_CODE/><LOC_AR/><JOB_ID/><POSITION_ID/><GRADE_ID/><JOB_AR/><POSITION_AR/><GRADE_AR/></ASG_REC><PERSON_DG_h><PERSON_DG><PERSON_REC><PERSON_NUMBER>502656</PERSON_NUMBER><HIRE_DATE>2025-11-01T00:00:00.000Z</HIRE_DATE><FIRST_NAME_EN>Test</FIRST_NAME_EN><FAMILY_NAME_EN>Jain</FAMILY_NAME_EN><DISPLAY_NAME_EN>Test Jain</DISPLAY_NAME_EN><GENDER/><COUNTRY>United Arab Emirates</COUNTRY><WORK_EMAIL/><FIRST_NAME_AR>Test</FIRST_NAME_AR><FAMILY_NAME_AR>Jain</FAMILY_NAME_AR><DISPLAY_NAME_AR>Test Jain</DISPLAY_NAME_AR><PER_ID>300000193485721</PER_ID><FATHER_NAME_EN/><FATHER_NAME_AR/><PERSONAL_EMAIL/></PERSON_REC><PHONE_DG_h></PHONE_DG_h></PERSON_DG></PERSON_DG_h><CITIZEN_DG_h></CITIZEN_DG_h></ASG_DG><ASG_DG><OBJECT_ACTION_ID>47086342</OBJECT_ACTION_ID><ASG_REC><PERSON_ID>300000193085524</PERSON_ID><PERSON_TYPE>EMP</PERSON_TYPE><ASSIGNMENT_TYPE>E</ASSIGNMENT_TYPE><TERMINATION_DATE/><MANAGER_NAME_EN/><MANAGER_PERSON_NUMBER/><MANAGER_EMAIL/><DEP_EN/><LGL_EMPL_EN>Department of Government Enablement</LGL_EMPL_EN><LOC_EN/><ASG_NUMBER>E502643</ASG_NUMBER><ASG_ID>300000193085537</ASG_ID><PRD_OF_SERV_ID>300000193085535</PRD_OF_SERV_ID><JOB_EN/><POSITION_EN/><GRADE_EN/><LINE_MANAGER/><MANAGER_NAME_AR/><ORG_ID/><DEP_AR/><LEGAL_ENTITY_ID>300000002178582</LEGAL_ENTITY_ID><LGL_EMPL_AR>دائرة التمكين الحكومي</LGL_EMPL_AR><LOC_CODE/><LOC_AR/><JOB_ID/><POSITION_ID/><GRADE_ID/><JOB_AR/><POSITION_AR/><GRADE_AR/></ASG_REC><PERSON_DG_h><PERSON_DG><PERSON_REC><PERSON_NUMBER>502643</PERSON_NUMBER><HIRE_DATE>2025-11-11T00:00:00.000Z</HIRE_DATE><FIRST_NAME_EN>Test</FIRST_NAME_EN><FAMILY_NAME_EN>User</FAMILY_NAME_EN><DISPLAY_NAME_EN>Test User</DISPLAY_NAME_EN><GENDER/><COUNTRY/><WORK_EMAIL>testuser@gmail.com</WORK_EMAIL><FIRST_NAME_AR>Test</FIRST_NAME_AR><FAMILY_NAME_AR>User</FAMILY_NAME_AR><DISPLAY_NAME_AR>Test User</DISPLAY_NAME_AR><PER_ID>300000193085524</PER_ID><FATHER_NAME_EN/><FATHER_NAME_AR/><PERSONAL_EMAIL/></PERSON_REC><PHONE_DG_h></PHONE_DG_h></PERSON_DG></PERSON_DG_h><CITIZEN_DG_h></CITIZEN_DG_h></ASG_DG><ASG_DG><OBJECT_ACTION_ID>47086344</OBJECT_ACTION_ID><ASG_REC><PERSON_ID>300000193339009</PERSON_ID><PERSON_TYPE>EMP</PERSON_TYPE><ASSIGNMENT_TYPE>E</ASSIGNMENT_TYPE><TERMINATION_DATE>2026-01-18T00:00:00.000Z</TERMINATION_DATE><MANAGER_NAME_EN/><MANAGER_PERSON_NUMBER/><MANAGER_EMAIL/><DEP_EN>DGE Big Data &amp; Gov Databases Platforms Management Division</DEP_EN><LGL_EMPL_EN>Department of Government Enablement</LGL_EMPL_EN><LOC_EN>DGE - Abu Dhabi</LOC_EN><ASG_NUMBER>E502646</ASG_NUMBER><ASG_ID>300000193339058</ASG_ID><PRD_OF_SERV_ID>300000193339052</PRD_OF_SERV_ID><JOB_EN>DGE Unassigned </JOB_EN><POSITION_EN>DGE Unassigned</POSITION_EN><GRADE_EN/><LINE_MANAGER/><MANAGER_NAME_AR/><ORG_ID>300000002595357</ORG_ID><DEP_AR>إدارة منصات البيانات الضخمة وقواعد البيانات الحكومية</DEP_AR><LEGAL_ENTITY_ID>300000002178582</LEGAL_ENTITY_ID><LGL_EMPL_AR>دائرة التمكين الحكومي</LGL_EMPL_AR><LOC_CODE>DGE - Abu Dhabi</LOC_CODE><LOC_AR/><JOB_ID>300000006218984</JOB_ID><POSITION_ID>300000007881993</POSITION_ID><GRADE_ID/><JOB_AR>تعهيد</JOB_AR><POSITION_AR>DGE Unassigned</POSITION_AR><GRADE_AR/></ASG_REC><PERSON_DG_h><PERSON_DG><PERSON_REC><PERSON_NUMBER>502646</PERSON_NUMBER><HIRE_DATE>2025-11-17T00:00:00.000Z</HIRE_DATE><FIRST_NAME_EN>SP</FIRST_NAME_EN><FAMILY_NAME_EN>Test3</FAMILY_NAME_EN><DISPLAY_NAME_EN>SP Test3</DISPLAY_NAME_EN><GENDER>M</GENDER><COUNTRY/><WORK_EMAIL>sptest3@yopmail.com</WORK_EMAIL><FIRST_NAME_AR>SP</FIRST_NAME_AR><FAMILY_NAME_AR>Test3</FAMILY_NAME_AR><DISPLAY_NAME_AR>SP Test3</DISPLAY_NAME_AR><PER_ID>300000193339009</PER_ID><FATHER_NAME_EN/><FATHER_NAME_AR/><PERSONAL_EMAIL/></PERSON_REC><PHONE_DG_h></PHONE_DG_h></PERSON_DG></PERSON_DG_h><CITIZEN_DG_h><CITIZEN_DG><CITIZEN_REC><CITIZENSHIP_PMR>Algeria</CITIZENSHIP_PMR><NATIONALITY>Algerian</NATIONALITY></CITIZEN_REC></CITIZEN_DG></CITIZEN_DG_h></ASG_DG><ASG_DG><OBJECT_ACTION_ID>47086344</OBJECT_ACTION_ID><ASG_REC><PERSON_ID>300000193339009</PERSON_ID><PERSON_TYPE>EMP</PERSON_TYPE><ASSIGNMENT_TYPE>E</ASSIGNMENT_TYPE><TERMINATION_DATE>2026-01-18T00:00:00.000Z</TERMINATION_DATE><MANAGER_NAME_EN/><MANAGER_PERSON_NUMBER/><MANAGER_EMAIL/><DEP_EN>DGE Big Data &amp; Gov Databases Platforms Management Division</DEP_EN><LGL_EMPL_EN>Department of Government Enablement</LGL_EMPL_EN><LOC_EN>DGE - Abu Dhabi</LOC_EN><ASG_NUMBER>E502646</ASG_NUMBER><ASG_ID>300000193339058</ASG_ID><PRD_OF_SERV_ID>300000193339052</PRD_OF_SERV_ID><JOB_EN>DGE Unassigned </JOB_EN><POSITION_EN>DGE Unassigned</POSITION_EN><GRADE_EN/><LINE_MANAGER/><MANAGER_NAME_AR/><ORG_ID>300000002595357</ORG_ID><DEP_AR>إدارة منصات البيانات الضخمة وقواعد البيانات الحكومية</DEP_AR><LEGAL_ENTITY_ID>300000002178582</LEGAL_ENTITY_ID><LGL_EMPL_AR>دائرة التمكين الحكومي</LGL_EMPL_AR><LOC_CODE>DGE - Abu Dhabi</LOC_CODE><LOC_AR/><JOB_ID>300000006218984</JOB_ID><POSITION_ID>300000007881993</POSITION_ID><GRADE_ID/><JOB_AR>تعهيد</JOB_AR><POSITION_AR>DGE Unassigned</POSITION_AR><GRADE_AR/></ASG_REC><PERSON_DG_h><PERSON_DG><PERSON_REC><PERSON_NUMBER>502646</PERSON_NUMBER><HIRE_DATE>2025-11-17T00:00:00.000Z</HIRE_DATE><FIRST_NAME_EN>SP</FIRST_NAME_EN><FAMILY_NAME_EN>Test3</FAMILY_NAME_EN><DISPLAY_NAME_EN>SP Test3</DISPLAY_NAME_EN><GENDER>M</GENDER><COUNTRY/><WORK_EMAIL>sptest3@yopmail.com</WORK_EMAIL><FIRST_NAME_AR>SP</FIRST_NAME_AR><FAMILY_NAME_AR>Test3</FAMILY_NAME_AR><DISPLAY_NAME_AR>SP Test3</DISPLAY_NAME_AR><PER_ID>300000193339009</PER_ID><FATHER_NAME_EN/><FATHER_NAME_AR/><PERSONAL_EMAIL/></PERSON_REC><PHONE_DG_h></PHONE_DG_h></PERSON_DG></PERSON_DG_h><CITIZEN_DG_h><CITIZEN_DG><CITIZEN_REC><CITIZENSHIP_PMR>Algeria</CITIZENSHIP_PMR><NATIONALITY>Algerian</NATIONALITY></CITIZEN_REC></CITIZEN_DG></CITIZEN_DG_h></ASG_DG><ASG_DG><OBJECT_ACTION_ID>47086346</OBJECT_ACTION_ID><ASG_REC><PERSON_ID>300000193284564</PERSON_ID><PERSON_TYPE>EMP</PERSON_TYPE><ASSIGNMENT_TYPE>E</ASSIGNMENT_TYPE><TERMINATION_DATE/><MANAGER_NAME_EN/><MANAGER_PERSON_NUMBER/><MANAGER_EMAIL/><DEP_EN>DGE Big Data &amp; Gov Databases Platforms Management Division</DEP_EN><LGL_EMPL_EN>Department of Government Enablement</LGL_EMPL_EN><LOC_EN>DGE - Abu Dhabi</LOC_EN><ASG_NUMBER>E502644</ASG_NUMBER><ASG_ID>300000193284577</ASG_ID><PRD_OF_SERV_ID>300000193284571</PRD_OF_SERV_ID><JOB_EN>DGE Unassigned </JOB_EN><POSITION_EN>DGE Unassigned</POSITION_EN><GRADE_EN/><LINE_MANAGER/><MANAGER_NAME_AR/><ORG_ID>300000002595357</ORG_ID><DEP_AR>إدارة منصات البيانات الضخمة وقواعد البيانات الحكومية</DEP_AR><LEGAL_ENTITY_ID>300000002178582</LEGAL_ENTITY_ID><LGL_EMPL_AR>دائرة التمكين الحكومي</LGL_EMPL_AR><LOC_CODE>DGE - Abu Dhabi</LOC_CODE><LOC_AR/><JOB_ID>300000006218984</JOB_ID><POSITION_ID>300000007881993</POSITION_ID><GRADE_ID/><JOB_AR>تعهيد</JOB_AR><POSITION_AR>DGE Unassigned</POSITION_AR><GRADE_AR/></ASG_REC><PERSON_DG_h><PERSON_DG><PERSON_REC><PERSON_NUMBER>502644</PERSON_NUMBER><HIRE_DATE>2025-11-17T00:00:00.000Z</HIRE_DATE><FIRST_NAME_EN>SP</FIRST_NAME_EN><FAMILY_NAME_EN>Test1</FAMILY_NAME_EN><DISPLAY_NAME_EN>SP Test1</DISPLAY_NAME_EN><GENDER>F</GENDER><COUNTRY/><WORK_EMAIL>sptest1@yopmail.com</WORK_EMAIL><FIRST_NAME_AR>SP</FIRST_NAME_AR><FAMILY_NAME_AR>Test1</FAMILY_NAME_AR><DISPLAY_NAME_AR>SP Test1</DISPLAY_NAME_AR><PER_ID>300000193284564</PER_ID><FATHER_NAME_EN/><FATHER_NAME_AR/><PERSONAL_EMAIL/></PERSON_REC><PHONE_DG_h></PHONE_DG_h></PERSON_DG></PERSON_DG_h><CITIZEN_DG_h><CITIZEN_DG><CITIZEN_REC><CITIZENSHIP_PMR>Afghanistan</CITIZENSHIP_PMR><NATIONALITY>Afghan</NATIONALITY></CITIZEN_REC></CITIZEN_DG></CITIZEN_DG_h></ASG_DG><ASG_DG><OBJECT_ACTION_ID>47086348</OBJECT_ACTION_ID><ASG_REC><PERSON_ID>300000193284775</PERSON_ID><PERSON_TYPE>EMP</PERSON_TYPE><ASSIGNMENT_TYPE>E</ASSIGNMENT_TYPE><TERMINATION_DATE/><MANAGER_NAME_EN/><MANAGER_PERSON_NUMBER/><MANAGER_EMAIL/><DEP_EN>CDP Career Development Program</DEP_EN><LGL_EMPL_EN>Department of Government Enablement</LGL_EMPL_EN><LOC_EN>HRA CDP Abu Dhabi</LOC_EN><ASG_NUMBER>E502645</ASG_NUMBER><ASG_ID>300000193284788</ASG_ID><PRD_OF_SERV_ID>300000193284782</PRD_OF_SERV_ID><JOB_EN>Chief Engineer</JOB_EN><POSITION_EN>Chief Engineer</POSITION_EN><GRADE_EN/><LINE_MANAGER/><MANAGER_NAME_AR/><ORG_ID>300000023652426</ORG_ID><DEP_AR>CDP Career Development Program</DEP_AR><LEGAL_ENTITY_ID>300000002178582</LEGAL_ENTITY_ID><LGL_EMPL_AR>دائرة التمكين الحكومي</LGL_EMPL_AR><LOC_CODE>HRA CDP Abu Dhabi</LOC_CODE><LOC_AR>HRA CDP Abu Dhabi</LOC_AR><JOB_ID>300000022920176</JOB_ID><POSITION_ID>300000023684075</POSITION_ID><GRADE_ID/><JOB_AR>كبير مهندسين</JOB_AR><POSITION_AR>كبير مهندسين</POSITION_AR><GRADE_AR/></ASG_REC><PERSON_DG_h><PERSON_DG><PERSON_REC><PERSON_NUMBER>502645</PERSON_NUMBER><HIRE_DATE>2025-11-17T00:00:00.000Z</HIRE_DATE><FIRST_NAME_EN>SP</FIRST_NAME_EN><FAMILY_NAME_EN>Test2</FAMILY_NAME_EN><DISPLAY_NAME_EN>SP Test2</DISPLAY_NAME_EN><GENDER>M</GENDER><COUNTRY/><WORK_EMAIL>sptest2@yopmail.com</WORK_EMAIL><FIRST_NAME_AR>SP</FIRST_NAME_AR><FAMILY_NAME_AR>Test2</FAMILY_NAME_AR><DISPLAY_NAME_AR>SP Test2</DISPLAY_NAME_AR><PER_ID>300000193284775</PER_ID><FATHER_NAME_EN/><FATHER_NAME_AR/><PERSONAL_EMAIL/></PERSON_REC><PHONE_DG_h></PHONE_DG_h></PERSON_DG></PERSON_DG_h><CITIZEN_DG_h><CITIZEN_DG><CITIZEN_REC><CITIZENSHIP_PMR>United Arab Emirates</CITIZENSHIP_PMR><NATIONALITY>Emirati</NATIONALITY></CITIZEN_REC></CITIZEN_DG></CITIZEN_DG_h></ASG_DG><ASG_DG><OBJECT_ACTION_ID>47086350</OBJECT_ACTION_ID><ASG_REC><PERSON_ID>300000008602969</PERSON_ID><PERSON_TYPE>EMP</PERSON_TYPE><ASSIGNMENT_TYPE>E</ASSIGNMENT_TYPE><TERMINATION_DATE>2025-11-20T00:00:00.000Z</TERMINATION_DATE><MANAGER_NAME_EN/><MANAGER_PERSON_NUMBER/><MANAGER_EMAIL/><DEP_EN>DGE Auction Services Section</DEP_EN><LGL_EMPL_EN>Department of Government Enablement</LGL_EMPL_EN><LOC_EN>DGE-Alain Auction Yard</LOC_EN><ASG_NUMBER>E100108</ASG_NUMBER><ASG_ID>300000008602989</ASG_ID><PRD_OF_SERV_ID>300000008602971</PRD_OF_SERV_ID><JOB_EN>Analyst</JOB_EN><POSITION_EN>Auction Planning Analyst</POSITION_EN><GRADE_EN>4A</GRADE_EN><LINE_MANAGER>Daham Salim Saeed Almazroei Rakan جارا</LINE_MANAGER><MANAGER_NAME_AR/><ORG_ID>300000002596079</ORG_ID><DEP_AR>قسم خدمات المزادات</DEP_AR><LEGAL_ENTITY_ID>300000002178582</LEGAL_ENTITY_ID><LGL_EMPL_AR>دائرة التمكين الحكومي</LGL_EMPL_AR><LOC_CODE>DGE-Alain Auction Yard</LOC_CODE><LOC_AR/><JOB_ID>300000002562154</JOB_ID><POSITION_ID>300000007914614</POSITION_ID><GRADE_ID>300000002637045</GRADE_ID><JOB_AR>محلل</JOB_AR><POSITION_AR>محلل تخطيط المزادات</POSITION_AR><GRADE_AR>4A</GRADE_AR></ASG_REC><PERSON_DG_h><PERSON_DG><PERSON_REC><PERSON_NUMBER>100108</PERSON_NUMBER><HIRE_DATE>2003-10-12T00:00:00.000Z</HIRE_DATE><FIRST_NAME_EN>خضر</FIRST_NAME_EN><FAMILY_NAME_EN>ابراهيم</FAMILY_NAME_EN><DISPLAY_NAME_EN>خضر Saeed ابراهيم</DISPLAY_NAME_EN><GENDER>M</GENDER><COUNTRY>United Arab Emirates</COUNTRY><WORK_EMAIL>sendmail-test-discard@oracle.com</WORK_EMAIL><FIRST_NAME_AR>خضر</FIRST_NAME_AR><FAMILY_NAME_AR>ابراهيم</FAMILY_NAME_AR><DISPLAY_NAME_AR>خضر سعيد ابراهيم</DISPLAY_NAME_AR><PER_ID>300000008602969</PER_ID><FATHER_NAME_EN>Saeed</FATHER_NAME_EN><FATHER_NAME_AR>سعيد</FATHER_NAME_AR><PERSONAL_EMAIL>asddsadsads@test.com</PERSONAL_EMAIL></PERSON_REC><PHONE_DG_h><PHONE_DG><PHONE_REC><PRIMARY_PHONE>551212121</PRIMARY_PHONE></PHONE_REC></PHONE_DG></PHONE_DG_h></PERSON_DG></PERSON_DG_h><CITIZEN_DG_h><CITIZEN_DG><CITIZEN_REC><CITIZENSHIP_PMR>United Arab Emirates</CITIZENSHIP_PMR><NATIONALITY>Emirati</NATIONALITY></CITIZEN_REC></CITIZEN_DG></CITIZEN_DG_h></ASG_DG><ASG_DG><OBJECT_ACTION_ID>47086352</OBJECT_ACTION_ID><ASG_REC><PERSON_ID>300000193405926</PERSON_ID><PERSON_TYPE>EMP</PERSON_TYPE><ASSIGNMENT_TYPE>E</ASSIGNMENT_TYPE><TERMINATION_DATE/><MANAGER_NAME_EN/><MANAGER_PERSON_NUMBER/><MANAGER_EMAIL/><DEP_EN/><LGL_EMPL_EN>Department of Government Enablement</LGL_EMPL_EN><LOC_EN/><ASG_NUMBER>E502651</ASG_NUMBER><ASG_ID>300000193405939</ASG_ID><PRD_OF_SERV_ID>300000193405937</PRD_OF_SERV_ID><JOB_EN/><POSITION_EN/><GRADE_EN/><LINE_MANAGER/><MANAGER_NAME_AR/><ORG_ID/><DEP_AR/><LEGAL_ENTITY_ID>300000002178582</LEGAL_ENTITY_ID><LGL_EMPL_AR>دائرة التمكين الحكومي</LGL_EMPL_AR><LOC_CODE/><LOC_AR/><JOB_ID/><POSITION_ID/><GRADE_ID/><JOB_AR/><POSITION_AR/><GRADE_AR/></ASG_REC><PERSON_DG_h><PERSON_DG><PERSON_REC><PERSON_NUMBER>502651</PERSON_NUMBER><HIRE_DATE>2025-11-21T00:00:00.000Z</HIRE_DATE><FIRST_NAME_EN/><FAMILY_NAME_EN>Procurement_User</FAMILY_NAME_EN><DISPLAY_NAME_EN>Procurement_User</DISPLAY_NAME_EN><GENDER/><COUNTRY/><WORK_EMAIL>Procurement_User@test.com</WORK_EMAIL><FIRST_NAME_AR/><FAMILY_NAME_AR>Procurement_User</FAMILY_NAME_AR><DISPLAY_NAME_AR>Procurement_User</DISPLAY_NAME_AR><PER_ID>300000193405926</PER_ID><FATHER_NAME_EN/><FATHER_NAME_AR/><PERSONAL_EMAIL/></PERSON_REC><PHONE_DG_h></PHONE_DG_h></PERSON_DG></PERSON_DG_h><CITIZEN_DG_h></CITIZEN_DG_h></ASG_DG><ASG_DG><OBJECT_ACTION_ID>47086354</OBJECT_ACTION_ID><ASG_REC><PERSON_ID>300000193405817</PERSON_ID><PERSON_TYPE>EMP</PERSON_TYPE><ASSIGNMENT_TYPE>E</ASSIGNMENT_TYPE><TERMINATION_DATE/><MANAGER_NAME_EN/><MANAGER_PERSON_NUMBER/><MANAGER_EMAIL/><DEP_EN/><LGL_EMPL_EN>Department of Government Enablement</LGL_EMPL_EN><LOC_EN/><ASG_NUMBER>E502650</ASG_NUMBER><ASG_ID>300000193405830</ASG_ID><PRD_OF_SERV_ID>300000193405828</PRD_OF_SERV_ID><JOB_EN/><POSITION_EN/><GRADE_EN/><LINE_MANAGER/><MANAGER_NAME_AR/><ORG_ID/><DEP_AR/><LEGAL_ENTITY_ID>300000002178582</LEGAL_ENTITY_ID><LGL_EMPL_AR>دائرة التمكين الحكومي</LGL_EMPL_AR><LOC_CODE/><LOC_AR/><JOB_ID/><POSITION_ID/><GRADE_ID/><JOB_AR/><POSITION_AR/><GRADE_AR/></ASG_REC><PERSON_DG_h><PERSON_DG><PERSON_REC><PERSON_NUMBER>502650</PERSON_NUMBER><HIRE_DATE>2025-11-21T00:00:00.000Z</HIRE_DATE><FIRST_NAME_EN/><FAMILY_NAME_EN>Cost_user</FAMILY_NAME_EN><DISPLAY_NAME_EN>Cost_user</DISPLAY_NAME_EN><GENDER/><COUNTRY/><WORK_EMAIL>Cost_user@test.com</WORK_EMAIL><FIRST_NAME_AR/><FAMILY_NAME_AR>Cost_user</FAMILY_NAME_AR><DISPLAY_NAME_AR>Cost_user</DISPLAY_NAME_AR><PER_ID>300000193405817</PER_ID><FATHER_NAME_EN/><FATHER_NAME_AR/><PERSONAL_EMAIL/></PERSON_REC><PHONE_DG_h></PHONE_DG_h></PERSON_DG></PERSON_DG_h><CITIZEN_DG_h></CITIZEN_DG_h></ASG_DG><ASG_DG><OBJECT_ACTION_ID>47086356</OBJECT_ACTION_ID><ASG_REC><PERSON_ID>300000008490480</PERSON_ID><PERSON_TYPE>EMP</PERSON_TYPE><ASSIGNMENT_TYPE>E</ASSIGNMENT_TYPE><TERMINATION_DATE>2025-11-20T00:00:00.000Z</TERMINATION_DATE><MANAGER_NAME_EN/><MANAGER_PERSON_NUMBER/><MANAGER_EMAIL/><DEP_EN>DGE Auction Services Section</DEP_EN><LGL_EMPL_EN>Department of Government Enablement</LGL_EMPL_EN><LOC_EN>DGE-Alain Auction Yard</LOC_EN><ASG_NUMBER>E100060</ASG_NUMBER><ASG_ID>300000008490500</ASG_ID><PRD_OF_SERV_ID>300000008490482</PRD_OF_SERV_ID><JOB_EN>Analyst</JOB_EN><POSITION_EN>Auction Execution Analyst</POSITION_EN><GRADE_EN>4B</GRADE_EN><LINE_MANAGER>Daham Salim Saeed Almazroei Rakan جارا</LINE_MANAGER><MANAGER_NAME_AR/><ORG_ID>300000002596079</ORG_ID><DEP_AR>قسم خدمات المزادات</DEP_AR><LEGAL_ENTITY_ID>300000002178582</LEGAL_ENTITY_ID><LGL_EMPL_AR>دائرة التمكين الحكومي</LGL_EMPL_AR><LOC_CODE>DGE-Alain Auction Yard</LOC_CODE><LOC_AR/><JOB_ID>300000002562154</JOB_ID><POSITION_ID>300000007867540</POSITION_ID><GRADE_ID>300000002637319</GRADE_ID><JOB_AR>محلل</JOB_AR><POSITION_AR>محلل تنفيذ المزادات</POSITION_AR><GRADE_AR>4B</GRADE_AR></ASG_REC><PERSON_DG_h><PERSON_DG><PERSON_REC><PERSON_NUMBER>100060</PERSON_NUMBER><HIRE_DATE>2002-06-29T00:00:00.000Z</HIRE_DATE><FIRST_NAME_EN>Humda</FIRST_NAME_EN><FAMILY_NAME_EN>Al Marzouqi</FAMILY_NAME_EN><DISPLAY_NAME_EN>Humda Ali Al Marzouqi</DISPLAY_NAME_EN><GENDER>M</GENDER><COUNTRY>United Arab Emirates</COUNTRY><WORK_EMAIL>sendmail-test-discard@oracle.com</WORK_EMAIL><FIRST_NAME_AR>Humda</FIRST_NAME_AR><FAMILY_NAME_AR>Al Marzouqi</FAMILY_NAME_AR><DISPLAY_NAME_AR>Humda على Al Marzouqi</DISPLAY_NAME_AR><PER_ID>300000008490480</PER_ID><FATHER_NAME_EN>Ali</FATHER_NAME_EN><FATHER_NAME_AR>على</FATHER_NAME_AR><PERSONAL_EMAIL/></PERSON_REC><PHONE_DG_h><PHONE_DG><PHONE_REC><PRIMARY_PHONE>7177106885</PRIMARY_PHONE></PHONE_REC></PHONE_DG></PHONE_DG_h></PERSON_DG></PERSON_DG_h><CITIZEN_DG_h><CITIZEN_DG><CITIZEN_REC><CITIZENSHIP_PMR>United Arab Emirates</CITIZENSHIP_PMR><NATIONALITY>Emirati</NATIONALITY></CITIZEN_REC></CITIZEN_DG></CITIZEN_DG_h></ASG_DG><ASG_DG><OBJECT_ACTION_ID>47086358</OBJECT_ACTION_ID><ASG_REC><PERSON_ID>300000008573541</PERSON_ID><PERSON_TYPE>EMP</PERSON_TYPE><ASSIGNMENT_TYPE>E</ASSIGNMENT_TYPE><TERMINATION_DATE>2025-11-21T00:00:00.000Z</TERMINATION_DATE><MANAGER_NAME_EN/><MANAGER_PERSON_NUMBER/><MANAGER_EMAIL/><DEP_EN>DGE Auction Services Section</DEP_EN><LGL_EMPL_EN>Department of Government Enablement</LGL_EMPL_EN><LOC_EN>DGE - Al Ain - Hazza bin Zayed Stadium</LOC_EN><ASG_NUMBER>E100093</ASG_NUMBER><ASG_ID>300000008573561</ASG_ID><PRD_OF_SERV_ID>300000008573543</PRD_OF_SERV_ID><JOB_EN>Assistant Analyst</JOB_EN><POSITION_EN>Auction Execution Assistant Analyst</POSITION_EN><GRADE_EN>5A</GRADE_EN><LINE_MANAGER>Daham Salim Saeed Almazroei Rakan جارا</LINE_MANAGER><MANAGER_NAME_AR/><ORG_ID>300000002596079</ORG_ID><DEP_AR>قسم خدمات المزادات</DEP_AR><LEGAL_ENTITY_ID>300000002178582</LEGAL_ENTITY_ID><LGL_EMPL_AR>دائرة التمكين الحكومي</LGL_EMPL_AR><LOC_CODE>DGE - Al Ain - Hazza bin Zayed Stadium</LOC_CODE><LOC_AR/><JOB_ID>300000002563737</JOB_ID><POSITION_ID>300000007873163</POSITION_ID><GRADE_ID>300000002636507</GRADE_ID><JOB_AR>مساعد محلل</JOB_AR><POSITION_AR>مساعد محلل تنفيذ المزادات </POSITION_AR><GRADE_AR>5A</GRADE_AR></ASG_REC><PERSON_DG_h><PERSON_DG><PERSON_REC><PERSON_NUMBER>100093</PERSON_NUMBER><HIRE_DATE>2003-08-10T00:00:00.000Z</HIRE_DATE><FIRST_NAME_EN>Salema</FIRST_NAME_EN><FAMILY_NAME_EN>الظنحاني</FAMILY_NAME_EN><DISPLAY_NAME_EN>Salema Saeed الظنحاني</DISPLAY_NAME_EN><GENDER>F</GENDER><COUNTRY>United Arab Emirates</COUNTRY><WORK_EMAIL>sendmail-test-discard@oracle.com</WORK_EMAIL><FIRST_NAME_AR>Salema</FIRST_NAME_AR><FAMILY_NAME_AR>الظنحاني</FAMILY_NAME_AR><DISPLAY_NAME_AR>Salema سعيد الظنحاني</DISPLAY_NAME_AR><PER_ID>300000008573541</PER_ID><FATHER_NAME_EN>Saeed</FATHER_NAME_EN><FATHER_NAME_AR>سعيد</FATHER_NAME_AR><PERSONAL_EMAIL/></PERSON_REC><PHONE_DG_h><PHONE_DG><PHONE_REC><PRIMARY_PHONE>2527807891</PRIMARY_PHONE></PHONE_REC></PHONE_DG></PHONE_DG_h></PERSON_DG></PERSON_DG_h><CITIZEN_DG_h><CITIZEN_DG><CITIZEN_REC><CITIZENSHIP_PMR>United Arab Emirates</CITIZENSHIP_PMR><NATIONALITY>Emirati</NATIONALITY></CITIZEN_REC></CITIZEN_DG></CITIZEN_DG_h></ASG_DG><ASG_DG><OBJECT_ACTION_ID>47086360</OBJECT_ACTION_ID><ASG_REC><PERSON_ID>300000193502210</PERSON_ID><PERSON_TYPE>EMP</PERSON_TYPE><ASSIGNMENT_TYPE>E</ASSIGNMENT_TYPE><TERMINATION_DATE/><MANAGER_NAME_EN/><MANAGER_PERSON_NUMBER/><MANAGER_EMAIL/><DEP_EN/><LGL_EMPL_EN>Department of Government Enablement</LGL_EMPL_EN><LOC_EN/><ASG_NUMBER>E502657</ASG_NUMBER><ASG_ID>300000193502223</ASG_ID><PRD_OF_SERV_ID>300000193502221</PRD_OF_SERV_ID><JOB_EN/><POSITION_EN/><GRADE_EN/><LINE_MANAGER/><MANAGER_NAME_AR/><ORG_ID/><DEP_AR/><LEGAL_ENTITY_ID>300000002178582</LEGAL_ENTITY_ID><LGL_EMPL_AR>دائرة التمكين الحكومي</LGL_EMPL_AR><LOC_CODE/><LOC_AR/><JOB_ID/><POSITION_ID/><GRADE_ID/><JOB_AR/><POSITION_AR/><GRADE_AR/></ASG_REC><PERSON_DG_h><PERSON_DG><PERSON_REC><PERSON_NUMBER>502657</PERSON_NUMBER><HIRE_DATE>2025-11-27T00:00:00.000Z</HIRE_DATE><FIRST_NAME_EN>Redwood</FIRST_NAME_EN><FAMILY_NAME_EN>DEV5</FAMILY_NAME_EN><DISPLAY_NAME_EN>Redwood DEV5</DISPLAY_NAME_EN><GENDER/><COUNTRY/><WORK_EMAIL>ndewmini@deloitte.com</WORK_EMAIL><FIRST_NAME_AR>Redwood</FIRST_NAME_AR><FAMILY_NAME_AR>DEV5</FAMILY_NAME_AR><DISPLAY_NAME_AR>Redwood DEV5</DISPLAY_NAME_AR><PER_ID>300000193502210</PER_ID><FATHER_NAME_EN/><FATHER_NAME_AR/><PERSONAL_EMAIL/></PERSON_REC><PHONE_DG_h></PHONE_DG_h></PERSON_DG></PERSON_DG_h><CITIZEN_DG_h></CITIZEN_DG_h></ASG_DG><ASG_DG><OBJECT_ACTION_ID>47086362</OBJECT_ACTION_ID><ASG_REC><PERSON_ID>300000193339009</PERSON_ID><PERSON_TYPE>EMP</PERSON_TYPE><ASSIGNMENT_TYPE>E</ASSIGNMENT_TYPE><TERMINATION_DATE>2026-01-18T00:00:00.000Z</TERMINATION_DATE><MANAGER_NAME_EN/><MANAGER_PERSON_NUMBER/><MANAGER_EMAIL/><DEP_EN>DGE Big Data &amp; Gov Databases Platforms Management Division</DEP_EN><LGL_EMPL_EN>Department of Government Enablement</LGL_EMPL_EN><LOC_EN>DGE - Abu Dhabi</LOC_EN><ASG_NUMBER>E502646</ASG_NUMBER><ASG_ID>300000193339058</ASG_ID><PRD_OF_SERV_ID>300000193339052</PRD_OF_SERV_ID><JOB_EN>DGE Unassigned </JOB_EN><POSITION_EN>DGE Unassigned</POSITION_EN><GRADE_EN/><LINE_MANAGER/><MANAGER_NAME_AR/><ORG_ID>300000002595357</ORG_ID><DEP_AR>إدارة منصات البيانات الضخمة وقواعد البيانات الحكومية</DEP_AR><LEGAL_ENTITY_ID>300000002178582</LEGAL_ENTITY_ID><LGL_EMPL_AR>دائرة التمكين الحكومي</LGL_EMPL_AR><LOC_CODE>DGE - Abu Dhabi</LOC_CODE><LOC_AR/><JOB_ID>300000006218984</JOB_ID><POSITION_ID>300000007881993</POSITION_ID><GRADE_ID/><JOB_AR>تعهيد</JOB_AR><POSITION_AR>DGE Unassigned</POSITION_AR><GRADE_AR/></ASG_REC><PERSON_DG_h><PERSON_DG><PERSON_REC><PERSON_NUMBER>502646</PERSON_NUMBER><HIRE_DATE>2025-11-17T00:00:00.000Z</HIRE_DATE><FIRST_NAME_EN>SP</FIRST_NAME_EN><FAMILY_NAME_EN>Test3</FAMILY_NAME_EN><DISPLAY_NAME_EN>SP Test3</DISPLAY_NAME_EN><GENDER>M</GENDER><COUNTRY/><WORK_EMAIL>sptest3@yopmail.com</WORK_EMAIL><FIRST_NAME_AR>SP</FIRST_NAME_AR><FAMILY_NAME_AR>Test3</FAMILY_NAME_AR><DISPLAY_NAME_AR>SP Test3</DISPLAY_NAME_AR><PER_ID>300000193339009</PER_ID><FATHER_NAME_EN/><FATHER_NAME_AR/><PERSONAL_EMAIL/></PERSON_REC><PHONE_DG_h></PHONE_DG_h></PERSON_DG></PERSON_DG_h><CITIZEN_DG_h><CITIZEN_DG><CITIZEN_REC><CITIZENSHIP_PMR>Algeria</CITIZENSHIP_PMR><NATIONALITY>Algerian</NATIONALITY></CITIZEN_REC></CITIZEN_DG></CITIZEN_DG_h></ASG_DG><ASG_DG><OBJECT_ACTION_ID>47086362</OBJECT_ACTION_ID><ASG_REC><PERSON_ID>300000193339009</PERSON_ID><PERSON_TYPE>EMP</PERSON_TYPE><ASSIGNMENT_TYPE>E</ASSIGNMENT_TYPE><TERMINATION_DATE>2026-01-18T00:00:00.000Z</TERMINATION_DATE><MANAGER_NAME_EN/><MANAGER_PERSON_NUMBER/><MANAGER_EMAIL/><DEP_EN>DGE Big Data &amp; Gov Databases Platforms Management Division</DEP_EN><LGL_EMPL_EN>Department of Government Enablement</LGL_EMPL_EN><LOC_EN>DGE - Abu Dhabi</LOC_EN><ASG_NUMBER>E502646</ASG_NUMBER><ASG_ID>300000193339058</ASG_ID><PRD_OF_SERV_ID>300000193339052</PRD_OF_SERV_ID><JOB_EN>DGE Unassigned </JOB_EN><POSITION_EN>DGE Unassigned</POSITION_EN><GRADE_EN/><LINE_MANAGER/><MANAGER_NAME_AR/><ORG_ID>300000002595357</ORG_ID><DEP_AR>إدارة منصات البيانات الضخمة وقواعد البيانات الحكومية</DEP_AR><LEGAL_ENTITY_ID>300000002178582</LEGAL_ENTITY_ID><LGL_EMPL_AR>دائرة التمكين الحكومي</LGL_EMPL_AR><LOC_CODE>DGE - Abu Dhabi</LOC_CODE><LOC_AR/><JOB_ID>300000006218984</JOB_ID><POSITION_ID>300000007881993</POSITION_ID><GRADE_ID/><JOB_AR>تعهيد</JOB_AR><POSITION_AR>DGE Unassigned</POSITION_AR><GRADE_AR/></ASG_REC><PERSON_DG_h><PERSON_DG><PERSON_REC><PERSON_NUMBER>502646</PERSON_NUMBER><HIRE_DATE>2025-11-17T00:00:00.000Z</HIRE_DATE><FIRST_NAME_EN>SP</FIRST_NAME_EN><FAMILY_NAME_EN>Test3</FAMILY_NAME_EN><DISPLAY_NAME_EN>SP Test3</DISPLAY_NAME_EN><GENDER>M</GENDER><COUNTRY/><WORK_EMAIL>sptest3@yopmail.com</WORK_EMAIL><FIRST_NAME_AR>SP</FIRST_NAME_AR><FAMILY_NAME_AR>Test3</FAMILY_NAME_AR><DISPLAY_NAME_AR>SP Test3</DISPLAY_NAME_AR><PER_ID>300000193339009</PER_ID><FATHER_NAME_EN/><FATHER_NAME_AR/><PERSONAL_EMAIL/></PERSON_REC><PHONE_DG_h></PHONE_DG_h></PERSON_DG></PERSON_DG_h><CITIZEN_DG_h><CITIZEN_DG><CITIZEN_REC><CITIZENSHIP_PMR>Algeria</CITIZENSHIP_PMR><NATIONALITY>Algerian</NATIONALITY></CITIZEN_REC></CITIZEN_DG></CITIZEN_DG_h></ASG_DG></ADG_HCM_JML_XXX_DELTA_FEED></FILE_FRAGMENT></G_2></G_1></DATA_DS>