<?xml version="1.0" encoding="UTF-8" ?> <DATA_DS><G_1><PAYROLL_ACTION_ID>4774054</PAYROLL_ACTION_ID><G_2><FILE_FRAGMENT><ADG_HCM_JML_XXX_TERMINATION><REP_CATEGORY_NAME>ADG_HCM_JML_XXX_TERMINATION</REP_CATEGORY_NAME><parameters><request_id>300000193924152</request_id><FLOW_NAME>Testdev5Term</FLOW_NAME><legislative_data_group_id>300000002178612</legislative_data_group_id><effective_date>2025-10-01</effective_date><start_date/><report_category_id>300000193826531</report_category_id><action_parameter_group_id/><FROM_DATE>2025-10-01</FROM_DATE><LEGAL_EMPLOYER_NAME>DGE</LEGAL_EMPLOYER_NAME></parameters><ASG_DG><OBJECT_ACTION_ID>47086186</OBJECT_ACTION_ID><ASG_REC><Extract_Assignment_Number>E100108</Extract_Assignment_Number><Employee_Termination_Date>2025-11-20T00:00:00.000Z</Employee_Termination_Date><Extract_Assignment_Person_ID>300000008602969</Extract_Assignment_Person_ID><Extract_Assignment_ID>300000008602989</Extract_Assignment_ID><Extract_Assignment_Period_of_service_ID>300000008602971</Extract_Assignment_Period_of_service_ID><ASG_PRM_FLG>Y</ASG_PRM_FLG><Assignment_Legal_Employer_Name>Department of Government Enablement</Assignment_Legal_Employer_Name><LEGAL_ENTITY_ID>300000002178582</LEGAL_ENTITY_ID><Assignment_Legal_Employer_Name_Arabic>دائرة التمكين الحكومي</Assignment_Legal_Employer_Name_Arabic></ASG_REC><PERSON_DG_h><PERSON_DG><PERSON_REC><Extract_Person_Number>100108</Extract_Person_Number><Person_EMail_Address>sendmail-test-discard@oracle.com</Person_EMail_Address></PERSON_REC></PERSON_DG></PERSON_DG_h></ASG_DG><ASG_DG><OBJECT_ACTION_ID>47086188</OBJECT_ACTION_ID><ASG_REC><Extract_Assignment_Number>E100060</Extract_Assignment_Number><Employee_Termination_Date>2025-11-20T00:00:00.000Z</Employee_Termination_Date><Extract_Assignment_Person_ID>300000008490480</Extract_Assignment_Person_ID><Extract_Assignment_ID>300000008490500</Extract_Assignment_ID><Extract_Assignment_Period_of_service_ID>300000008490482</Extract_Assignment_Period_of_service_ID><ASG_PRM_FLG>Y</ASG_PRM_FLG><Assignment_Legal_Employer_Name>Department of Government Enablement</Assignment_Legal_Employer_Name><LEGAL_ENTITY_ID>300000002178582</LEGAL_ENTITY_ID><Assignment_Legal_Employer_Name_Arabic>دائرة التمكين الحكومي</Assignment_Legal_Employer_Name_Arabic></ASG_REC><PERSON_DG_h><PERSON_DG><PERSON_REC><Extract_Person_Number>100060</Extract_Person_Number><Person_EMail_Address>sendmail-test-discard@oracle.com</Person_EMail_Address></PERSON_REC></PERSON_DG></PERSON_DG_h></ASG_DG><ASG_DG><OBJECT_ACTION_ID>47086190</OBJECT_ACTION_ID><ASG_REC><Extract_Assignment_Number>E502646</Extract_Assignment_Number><Employee_Termination_Date>2026-01-18T00:00:00.000Z</Employee_Termination_Date><Extract_Assignment_Person_ID>300000193339009</Extract_Assignment_Person_ID><Extract_Assignment_ID>300000193339058</Extract_Assignment_ID><Extract_Assignment_Period_of_service_ID>300000193339052</Extract_Assignment_Period_of_service_ID><ASG_PRM_FLG>Y</ASG_PRM_FLG><Assignment_Legal_Employer_Name>Department of Government Enablement</Assignment_Legal_Employer_Name><LEGAL_ENTITY_ID>300000002178582</LEGAL_ENTITY_ID><Assignment_Legal_Employer_Name_Arabic>دائرة التمكين الحكومي</Assignment_Legal_Employer_Name_Arabic></ASG_REC><PERSON_DG_h><PERSON_DG><PERSON_REC><Extract_Person_Number>502646</Extract_Person_Number><Person_EMail_Address>sptest3@yopmail.com</Person_EMail_Address></PERSON_REC></PERSON_DG></PERSON_DG_h></ASG_DG><ASG_DG><OBJECT_ACTION_ID>47086192</OBJECT_ACTION_ID><ASG_REC><Extract_Assignment_Number>E100093</Extract_Assignment_Number><Employee_Termination_Date>2025-11-21T00:00:00.000Z</Employee_Termination_Date><Extract_Assignment_Person_ID>300000008573541</Extract_Assignment_Person_ID><Extract_Assignment_ID>300000008573561</Extract_Assignment_ID><Extract_Assignment_Period_of_service_ID>300000008573543</Extract_Assignment_Period_of_service_ID><ASG_PRM_FLG>Y</ASG_PRM_FLG><Assignment_Legal_Employer_Name>Department of Government Enablement</Assignment_Legal_Employer_Name><LEGAL_ENTITY_ID>300000002178582</LEGAL_ENTITY_ID><Assignment_Legal_Employer_Name_Arabic>دائرة التمكين الحكومي</Assignment_Legal_Employer_Name_Arabic></ASG_REC><PERSON_DG_h><PERSON_DG><PERSON_REC><Extract_Person_Number>100093</Extract_Person_Number><Person_EMail_Address>sendmail-test-discard@oracle.com</Person_EMail_Address></PERSON_REC></PERSON_DG></PERSON_DG_h></ASG_DG></ADG_HCM_JML_XXX_TERMINATION></FILE_FRAGMENT></G_2></G_1></DATA_DS>