<?xml version="1.0" encoding="UTF-8" ?> <DATA_DS><G_1><PAYROLL_ACTION_ID>4774837</PAYROLL_ACTION_ID><G_2><FILE_FRAGMENT><ADG_HCM_JML_XXX_GLOBAL_TRANSFER><REP_CATEGORY_NAME>ADG_HCM_JML_XXX_GLOBAL_TRANSFER</REP_CATEGORY_NAME><parameters><request_id>300000193936467</request_id><FLOW_NAME>GlobalTransferTest</FLOW_NAME><legislative_data_group_id>300000002178612</legislative_data_group_id><EFFECTIVE_DATE>2025-09-01</EFFECTIVE_DATE><start_date/><report_category_id>300000193828309</report_category_id><action_parameter_group_id/><DAYS_THRESHOLD/><LEGAL_EMPLOYER_NAME>DGE</LEGAL_EMPLOYER_NAME><From_Date>2025-09-01</From_Date></parameters><ASG_DG><OBJECT_ACTION_ID>47086327</OBJECT_ACTION_ID><ASG_REC><PERSON_ID>300000139501415</PERSON_ID><PERSON_TYPE>EMP</PERSON_TYPE><ASSIGNMENT_TYPE>E</ASSIGNMENT_TYPE><MANAGER_PERSON_NUMBER>112532</MANAGER_PERSON_NUMBER><DEP_EN>DGE Administrative Support Section</DEP_EN><LGL_EMPL_EN>Department of Government Enablement</LGL_EMPL_EN><LOC_EN>DGE - Abu Dhabi</LOC_EN><ASG_NUMBER>E111210-2</ASG_NUMBER><JOB_EN>Admin Officer</JOB_EN><POSITION_EN>Software Engineer</POSITION_EN><ACTION_CODE>GLB_TRANSFER</ACTION_CODE><ACTION_REASON>ADG_TRANSFER_WITH_BUDGET</ACTION_REASON><BUSINESS_UNIT>Department of Government Enablement</BUSINESS_UNIT><PRIMARY_FLAG>Y</PRIMARY_FLAG><EFFECTIVE_DATE>2025-11-01T00:00:00.000Z</EFFECTIVE_DATE></ASG_REC><PERSON_DG_h><PERSON_DG><PERSON_REC><PERSON_NUMBER>111210</PERSON_NUMBER><HIRE_DATE>2020-01-01T00:00:00.000Z</HIRE_DATE><COUNTRY>United Arab Emirates</COUNTRY></PERSON_REC></PERSON_DG></PERSON_DG_h></ASG_DG></ADG_HCM_JML_XXX_GLOBAL_TRANSFER></FILE_FRAGMENT></G_2></G_1></DATA_DS>